{
  "model_name": "google/electra-small-discriminator",
  "mode": "simplified",
  "best_trial_index": 1,
  "best_hpo_config": {
    "learning_rate": 2e-05,
    "warmup_ratio": 0.05,
    "weight_decay": 0.01,
    "scheduler": "cosine",
    "batch_size": 16,
    "max_length": 64,
    "optimizer": "adamw_torch"
  },
  "final_metrics": {
    "eval_loss": 1.8087049722671509,
    "eval_accuracy": 0.43291559159601917,
    "eval_plutchik_soft": 0.5343254699594545,
    "eval_runtime": 174.2974,
    "eval_samples_per_second": 31.131,
    "eval_steps_per_second": 1.951,
    "epoch": 6.0
  }
}