{
  "model_name": "nreimers/MiniLM-L6-H384-uncased",
  "mode": "simplified",
  "quantized_dir": "/content/drive/MyDrive/emotion_project/full/final_models/nreimers_MiniLM-L6-H384-uncased_simplified_quantized_final",
  "quantized_success": false,
  "quantized_metrics": {
    "eval_loss": 1.709281325340271,
    "eval_model_preparation_time": 0.0025,
    "eval_accuracy": 0.4255436785845927,
    "eval_plutchik_soft": 0.5255713232583855,
    "eval_runtime": 5.7745,
    "eval_samples_per_second": 939.656,
    "eval_steps_per_second": 117.587
  },
  "best_checkpoint_used": "/content/drive/MyDrive/emotion_project/full/final_models/nreimers_MiniLM-L6-H384-uncased_simplified_final_trained/checkpoint-8142"
}