{
  "model_name": "google/electra-small-discriminator",
  "mode": "raw",
  "quantized_dir": "/content/drive/MyDrive/emotion_project/full/final_models/google_electra-small-discriminator_raw_quantized_final",
  "quantized_success": false,
  "quantized_metrics": {
    "eval_loss": 0.21928226947784424,
    "eval_model_preparation_time": 0.0027,
    "eval_f1_micro": 0.4164884063083845,
    "eval_plutchik_f1": 0.48053450943821646,
    "eval_runtime": 38.8221,
    "eval_samples_per_second": 544.098,
    "eval_steps_per_second": 68.028
  },
  "best_checkpoint_used": "/content/drive/MyDrive/emotion_project/full/final_models/google_electra-small-discriminator_raw_final_trained/checkpoint-71292"
}