{
  "model_name": "nreimers/MiniLM-L6-H384-uncased",
  "mode": "raw",
  "best_trial_index": 2,
  "best_hpo_config": {
    "learning_rate": 3e-05,
    "warmup_ratio": 0.1,
    "weight_decay": 0.0,
    "scheduler": "linear",
    "batch_size": 32,
    "max_length": 64,
    "optimizer": "adamw_torch"
  },
  "final_metrics": {
    "eval_loss": 0.21970002353191376,
    "eval_f1_micro": 0.4152753058368419,
    "eval_plutchik_f1": 0.4809185436013768,
    "eval_runtime": 13.6459,
    "eval_samples_per_second": 1547.939,
    "eval_steps_per_second": 48.44,
    "epoch": 6.0
  }
}