{
  "model_name": "google/electra-small-discriminator",
  "mode": "simplified",
  "quantized_dir": "/content/drive/MyDrive/emotion_project/full/final_models/google_electra-small-discriminator_simplified_quantized_final",
  "quantized_success": false,
  "quantized_metrics": {
    "eval_loss": 1.7619829177856445,
    "eval_model_preparation_time": 0.0024,
    "eval_accuracy": 0.4283081459638776,
    "eval_plutchik_soft": 0.5308238112790269,
    "eval_runtime": 8.5646,
    "eval_samples_per_second": 633.536,
    "eval_steps_per_second": 79.28
  },
  "best_checkpoint_used": "/content/drive/MyDrive/emotion_project/full/final_models/google_electra-small-discriminator_simplified_final_trained/checkpoint-16284"
}