{
  "model_name": "nreimers/MiniLM-L6-H384-uncased",
  "mode": "simplified",
  "best_trial_index": 2,
  "best_hpo_config": {
    "learning_rate": 3e-05,
    "warmup_ratio": 0.1,
    "weight_decay": 0.0,
    "scheduler": "linear",
    "batch_size": 32,
    "max_length": 64,
    "optimizer": "adamw_torch"
  },
  "final_metrics": {
    "eval_loss": 1.718931794166565,
    "eval_accuracy": 0.4255436785845927,
    "eval_plutchik_soft": 0.5255713232583855,
    "eval_runtime": 3.4646,
    "eval_samples_per_second": 1566.117,
    "eval_steps_per_second": 49.067,
    "epoch": 6.0
  }
}