{
  "model_name": "nreimers/MiniLM-L6-H384-uncased",
  "mode": "raw",
  "quantized_dir": "/content/drive/MyDrive/emotion_project/full/final_models/nreimers_MiniLM-L6-H384-uncased_raw_quantized_final",
  "quantized_success": false,
  "quantized_metrics": {
    "eval_loss": 0.21970002353191376,
    "eval_model_preparation_time": 0.0024,
    "eval_f1_micro": 0.4152753058368419,
    "eval_plutchik_f1": 0.4809185436013768,
    "eval_runtime": 21.2344,
    "eval_samples_per_second": 994.756,
    "eval_steps_per_second": 124.374
  },
  "best_checkpoint_used": "/content/drive/MyDrive/emotion_project/full/final_models/nreimers_MiniLM-L6-H384-uncased_raw_final_trained/checkpoint-35646"
}