{
  "model_name": "nreimers/MiniLM-L6-H384-uncased",
  "mode": "raw",
  "quantized_dir": "/content/drive/MyDrive/emotion_project/full/final_models/nreimers_MiniLM-L6-H384-uncased_raw_quantized_final",
  "quantized_success": false,
  "quantized_metrics": {
    "eval_loss": 0.21970002353191376,
    "eval_model_preparation_time": 0.0017,
    "eval_f1_micro": 0.4152753058368419,
    "eval_plutchik_f1": 0.4809185436013768,
    "eval_runtime": 23.2926,
    "eval_samples_per_second": 906.856,
    "eval_steps_per_second": 113.384
  },
  "best_checkpoint_used": "/content/drive/MyDrive/emotion_project/full/final_models/nreimers_MiniLM-L6-H384-uncased_raw_final_trained/checkpoint-35646"
}