{
  "model_name": "google/electra-small-discriminator",
  "mode": "raw",
  "best_trial_index": 1,
  "best_hpo_config": {
    "learning_rate": 2e-05,
    "warmup_ratio": 0.05,
    "weight_decay": 0.01,
    "scheduler": "cosine",
    "batch_size": 16,
    "max_length": 64,
    "optimizer": "adamw_torch"
  },
  "final_metrics": {
    "eval_loss": 0.21925555169582367,
    "eval_f1_micro": 0.4166896467189935,
    "eval_plutchik_f1": 0.4810561370272825,
    "eval_runtime": 19.5478,
    "eval_samples_per_second": 1080.582,
    "eval_steps_per_second": 67.578,
    "epoch": 6.0
  }
}